Workbook

Sheet Summary
A1: EN309 G6 Couette PIV: summary of results
A3: Result | B3: Run 1 | C3: Run 2 | D3: Unit
A4: Set speed | B4: =Parameters!B17 | C4: =Parameters!B18 | D4: rpm
A5: Set Ω | B5: ='Fit summary'!B4 | C5: ='Fit summary'!C4 | D5: rad/s
A6: ω_eff, block mean | B6: ='Fit summary'!B6 | C6: ='Fit summary'!C6 | D6: rad/s
A7: ω_eff, block SD | B7: ='Fit summary'!B7 | C7: ='Fit summary'!C7 | D7: rad/s
A8: ω_eff / Ω_set | B8: ='Fit summary'!B9 | C8: ='Fit summary'!C9 | D8: –
A9: Drift over run | B9: ='Fit summary'!B10 | C9: ='Fit summary'!C10 | D9: % of mean
A10: ω_eff, averaged field | B10: ='Fit summary'!B5 | C10: ='Fit summary'!C5 | D10: rad/s
A11: Radial shift to fit wall position | B11: ='Fit summary'!B14 | C11: ='Fit summary'!C14 | D11: mm
A12: Couette fit R² | B12: ='Linearity & collapse'!B4 | C12: ='Linearity & collapse'!C4 | D12: –
A13: Couette fit RMSE | B13: ='Linearity & collapse'!B5 | C13: ='Linearity & collapse'!C5 | D13: mm/s
A14: Linear fit R² | B14: ='Linearity & collapse'!B6 | C14: ='Linearity & collapse'!C6 | D14: –
A15: Linear fit RMSE | B15: ='Linearity & collapse'!B7 | C15: ='Linearity & collapse'!C7 | D15: mm/s
A16: Collapse spread, u/Ω_set (both runs) | B16: ='Linearity & collapse'!B16 | D16: %
A17: Collapse spread, u/ω_eff (both runs) | B17: ='Linearity & collapse'!B17 | D17: %
A19: Viscosity is not computed: the outer cylinder is fixed, so there is no torque reading. The profile shape matches Couette flow, but the speed is below the set rpm in both runs.

Sheet Parameters
A1: EN309 G6: Couette viscometer, PIV analysis
A3: Parameter | B3: Value | C3: Unit | D3: Source / note
A4: Fluid | B4: 88:12 glycerine:water (wt%, assumed) | D4: user
A5: Temperature | B5: 24 | C5: °C | D5: approx.
A6: Reference viscosity (not used) | B6: 126 | C6: mPa·s | D6: Cheng 2008, assumes wt%; mixing may have been by parts/volume. No torque, so μ is not computed
A7: Density | B7: 1230 | C7: kg/m³ | D7: approx. for 88 wt% glycerine
A8: Inner (rotating) radius R1 | B8: 6 | C8: mm | D8: Inner_cylinder.step
A9: Outer (fixed) radius R2 | B9: 11 | C9: mm | D9: Outer_cylinder.step
A10: Inner cylinder length | B10: 60 | C10: mm | D10: Inner_cylinder.step
A11: Camera frame rate | B11: 100 | C11: fps | D11: Phantom VEO 710L
A12: Image scale | B12: 161.9 | C12: px/mm | D12: calibration grid, assumed 1 mm squares
A13: PIV window / grid | B13: 64 px / 32 px | D13: ensemble correlation, dt = 3 frames
A15: Runs
A16: Run | B16: Set speed [rpm] | C16: Set ω [rad/s] | D16: Frames | E16: Blocks
A17: Run 1 | B17: 2.14 | C17: =B17*2*PI()/60 | D17: 4001 | E17: 4 × 1000 (step 3)
A18: Run 2 | B18: 4.3 | C18: =B18*2*PI()/60 | D18: 2501 | E18: 4 × 625 (step 2)
A20: Blue = input, black = formula. Slight leaks occurred during both runs.

Sheet Profiles
A1: Binned azimuthal velocity u_θ(r), averaged field of all frames
A3: Run 1 (2.14 rpm) | G3: Run 2 (4.3 rpm)
A4: r [mm] | B4: u_θ [mm/s] | C4: SD [mm/s] | D4: N vectors | E4: Couette fit [mm/s] | G4: r [mm] | H4: u_θ [mm/s] | I4: SD [mm/s] | J4: N vectors | K4: Couette fit [mm/s]
A5: 6.074353 | B5: 0.92109765 | C5: 0.026718927 | D5: 40 | E5: ='Fit summary'!B5*(Parameters!$B$8^2*Parameters!$B$9^2/A5-Parameters!$B$8^2*A5)/(Parameters!$B$9^2-Parameters!$B$8^2) | G5: 6.6543856 | H5: 1.5708804 | I5: 0.1459381 | J5: 33 | K5: ='Fit summary'!C5*(Parameters!$B$8^2*Parameters!$B$9^2/G5-Parameters!$B$8^2*G5)/(Parameters!$B$9^2-Parameters!$B$8^2)
A6: 6.4513209 | B6: 0.81732371 | C6: 0.03484172 | D6: 60 | E6: ='Fit summary'!B5*(Parameters!$B$8^2*Parameters!$B$9^2/A6-Parameters!$B$8^2*A6)/(Parameters!$B$9^2-Parameters!$B$8^2) | G6: 6.9862819 | H6: 1.5956034 | I6: 0.069762666 | J6: 60 | K6: ='Fit summary'!C5*(Parameters!$B$8^2*Parameters!$B$9^2/G6-Parameters!$B$8^2*G6)/(Parameters!$B$9^2-Parameters!$B$8^2)
A7: 6.8214886 | B7: 0.72305274 | C7: 0.031802992 | D7: 63 | E7: ='Fit summary'!B5*(Parameters!$B$8^2*Parameters!$B$9^2/A7-Parameters!$B$8^2*A7)/(Parameters!$B$9^2-Parameters!$B$8^2) | G7: 7.3494612 | H7: 1.3843073 | I7: 0.087230178 | J7: 68 | K7: ='Fit summary'!C5*(Parameters!$B$8^2*Parameters!$B$9^2/G7-Parameters!$B$8^2*G7)/(Parameters!$B$9^2-Parameters!$B$8^2)
A8: 7.1831958 | B8: 0.63783251 | C8: 0.030997921 | D8: 73 | E8: ='Fit summary'!B5*(Parameters!$B$8^2*Parameters!$B$9^2/A8-Parameters!$B$8^2*A8)/(Parameters!$B$9^2-Parameters!$B$8^2) | G8: 7.7093234 | H8: 1.1894514 | I8: 0.070357194 | J8: 74 | K8: ='Fit summary'!C5*(Parameters!$B$8^2*Parameters!$B$9^2/G8-Parameters!$B$8^2*G8)/(Parameters!$B$9^2-Parameters!$B$8^2)
A9: 7.5509676 | B9: 0.5586643 | C9: 0.029798591 | D9: 77 | E9: ='Fit summary'!B5*(Parameters!$B$8^2*Parameters!$B$9^2/A9-Parameters!$B$8^2*A9)/(Parameters!$B$9^2-Parameters!$B$8^2) | G9: 8.0617728 | H9: 1.025107 | I9: 0.064133459 | J9: 70 | K9: ='Fit summary'!C5*(Parameters!$B$8^2*Parameters!$B$9^2/G9-Parameters!$B$8^2*G9)/(Parameters!$B$9^2-Parameters!$B$8^2)
A10: 7.9206678 | B10: 0.48200278 | C10: 0.025017226 | D10: 75 | E10: ='Fit summary'!B5*(Parameters!$B$8^2*Parameters!$B$9^2/A10-Parameters!$B$8^2*A10)/(Parameters!$B$9^2-Parameters!$B$8^2) | G10: 8.4023553 | H10: 0.87893425 | I10: 0.05994551 | J10: 70 | K10: ='Fit summary'!C5*(Parameters!$B$8^2*Parameters!$B$9^2/G10-Parameters!$B$8^2*G10)/(Parameters!$B$9^2-Parameters!$B$8^2)
A11: 8.2753499 | B11: 0.41654029 | C11: 0.022937486 | D11: 71 | E11: ='Fit summary'!B5*(Parameters!$B$8^2*Parameters!$B$9^2/A11-Parameters!$B$8^2*A11)/(Parameters!$B$9^2-Parameters!$B$8^2) | G11: 8.7627354 | H11: 0.73189783 | I11: 0.055030886 | J11: 76 | K11: ='Fit summary'!C5*(Parameters!$B$8^2*Parameters!$B$9^2/G11-Parameters!$B$8^2*G11)/(Parameters!$B$9^2-Parameters!$B$8^2)
A12: 8.6372914 | B12: 0.34999434 | C12: 0.022025123 | D12: 77 | E12: ='Fit summary'!B5*(Parameters!$B$8^2*Parameters!$B$9^2/A12-Parameters!$B$8^2*A12)/(Parameters!$B$9^2-Parameters!$B$8^2) | G12: 9.1330068 | H12: 0.59089151 | I12: 0.047778611 | J12: 74 | K12: ='Fit summary'!C5*(Parameters!$B$8^2*Parameters!$B$9^2/G12-Parameters!$B$8^2*G12)/(Parameters!$B$9^2-Parameters!$B$8^2)
A13: 9.0130254 | B13: 0.28635251 | C13: 0.020075154 | D13: 76 | E13: ='Fit summary'!B5*(Parameters!$B$8^2*Parameters!$B$9^2/A13-Parameters!$B$8^2*A13)/(Parameters!$B$9^2-Parameters!$B$8^2) | G13: 9.4918856 | H13: 0.4604417 | I13: 0.038977373 | J13: 71 | K13: ='Fit summary'!C5*(Parameters!$B$8^2*Parameters!$B$9^2/G13-Parameters!$B$8^2*G13)/(Parameters!$B$9^2-Parameters!$B$8^2)
A14: 9.3847486 | B14: 0.22843884 | C14: 0.019874447 | D14: 75 | E14: ='Fit summary'!B5*(Parameters!$B$8^2*Parameters!$B$9^2/A14-Parameters!$B$8^2*A14)/(Parameters!$B$9^2-Parameters!$B$8^2) | G14: 9.8477672 | H14: 0.35123168 | I14: 0.039871188 | J14: 73 | K14: ='Fit summary'!C5*(Parameters!$B$8^2*Parameters!$B$9^2/G14-Parameters!$B$8^2*G14)/(Parameters!$B$9^2-Parameters!$B$8^2)
A15: 9.7549955 | B15: 0.17249484 | C15: 0.020738431 | D15: 75 | E15: ='Fit summary'!B5*(Parameters!$B$8^2*Parameters!$B$9^2/A15-Parameters!$B$8^2*A15)/(Parameters!$B$9^2-Parameters!$B$8^2) | G15: 10.195334 | H15: 0.23544638 | I15: 0.038761936 | J15: 68 | K15: ='Fit summary'!C5*(Parameters!$B$8^2*Parameters!$B$9^2/G15-Parameters!$B$8^2*G15)/(Parameters!$B$9^2-Parameters!$B$8^2)
A16: 10.123093 | B16: 0.11895079 | C16: 0.021891355 | D16: 74 | E16: ='Fit summary'!B5*(Parameters!$B$8^2*Parameters!$B$9^2/A16-Parameters!$B$8^2*A16)/(Parameters!$B$9^2-Parameters!$B$8^2) | G16: 10.545331 | H16: 0.11871646 | I16: 0.046608251 | J16: 73 | K16: ='Fit summary'!C5*(Parameters!$B$8^2*Parameters!$B$9^2/G16-Parameters!$B$8^2*G16)/(Parameters!$B$9^2-Parameters!$B$8^2)
A17: 10.469752 | B17: 0.073046244 | C17: 0.019276096 | D17: 66 | E17: ='Fit summary'!B5*(Parameters!$B$8^2*Parameters!$B$9^2/A17-Parameters!$B$8^2*A17)/(Parameters!$B$9^2-Parameters!$B$8^2) | G17: 10.908952 | H17: 0.059506326 | I17: 0.031100018 | J17: 73 | K17: ='Fit summary'!C5*(Parameters!$B$8^2*Parameters!$B$9^2/G17-Parameters!$B$8^2*G17)/(Parameters!$B$9^2-Parameters!$B$8^2)
A18: 10.812581 | B18: 0.044444368 | C18: 0.012038224 | D18: 24 | E18: ='Fit summary'!B5*(Parameters!$B$8^2*Parameters!$B$9^2/A18-Parameters!$B$8^2*A18)/(Parameters!$B$9^2-Parameters!$B$8^2) | G18: 11.231184 | H18: 0.044830793 | I18: 0.082414129 | J18: 35 | K18: ='Fit summary'!C5*(Parameters!$B$8^2*Parameters!$B$9^2/G18-Parameters!$B$8^2*G18)/(Parameters!$B$9^2-Parameters!$B$8^2)
A19: 11.157706 | B19: 0.031168952 | C19: 0.0078400835 | D19: 9 | E19: ='Fit summary'!B5*(Parameters!$B$8^2*Parameters!$B$9^2/A19-Parameters!$B$8^2*A19)/(Parameters!$B$9^2-Parameters!$B$8^2) | G19: 11.587577 | H19: 0.11055918 | I19: 0.10537872 | J19: 8 | K19: ='Fit summary'!C5*(Parameters!$B$8^2*Parameters!$B$9^2/G19-Parameters!$B$8^2*G19)/(Parameters!$B$9^2-Parameters!$B$8^2)

Sheet Fit summary
A1: Couette fit u = A·r + B/r (ω_eff and radial shift fitted)
A3: Quantity | B3: Run 1 | C3: Run 2 | D3: Unit
A4: Set ω | B4: =Parameters!C17 | C4: =Parameters!C18 | D4: rad/s
A5: Averaged-field fitted ω_eff | B5: 0.15577771 | C5: 0.35041775 | D5: rad/s
A6: Block-mean ω_eff (used for μ) | B6: =AVERAGE(B22:B25) | C6: =AVERAGE(C22:C25) | D6: rad/s
A7: Block SD of ω_eff | B7: =STDEV(B22:B25) | C7: =STDEV(C22:C25) | D7: rad/s
A8: SD / mean | B8: =B7/B6*100 | C8: =C7/C6*100 | D8: %
A9: ω_eff / ω_set | B9: =B6/B4 | C9: =C6/C4 | D9: –
A10: Drift over run (linear fit) | B10: =SLOPE(B22:B25,$A$22:$A$25)*3/B6*100 | C10: =SLOPE(C22:C25,$A$22:$A$25)*3/C6*100 | D10: % of mean
A11: Fitted ω_eff | B11: =B6*60/(2*PI()) | C11: =C6*60/(2*PI()) | D11: rpm
A12: Inner-wall speed, set | B12: =B4*Parameters!$B$8 | C12: =C4*Parameters!$B$8 | D12: mm/s
A13: Inner-wall speed, fitted | B13: =B6*Parameters!$B$8 | C13: =C6*Parameters!$B$8 | D13: mm/s
A14: Radial shift | B14: -1.3681666 | C14: -1.4625747 | D14: mm
A15: Couette fit R² (averaged field) | B15: 0.99569375 | C15: 0.97883177 | D15: –
A16: Couette fit RMSE (averaged field) | B16: 0.016555404 | C16: 0.073649814 | D16: mm/s
A17: Vectors used (averaged field) | B17: 936 | C17: 927 | D17: –
A20: Time-block fits (drift check: leaks)
A21: Block | B21: Run 1 ω_eff [rad/s] | C21: Run 2 ω_eff [rad/s] | D21: Run 1 R² | E21: Run 2 R²
A22: 0 | B22: 0.145921 | C22: 0.32147955 | D22: 0.9930933 | E22: 0.90413065
A23: 1 | B23: 0.16019774 | C23: 0.3200051 | D23: 0.96196809 | E23: 0.94090795
A24: 2 | B24: 0.15334703 | C24: 0.3366971 | D24: 0.93898268 | E24: 0.91853962
A25: 3 | B25: 0.13409137 | C25: 0.31953729 | D25: 0.95646011 | E25: 0.93881248
A27: Block 0..3 = successive quarters of each run. Run 1: 1000-frame blocks; run 2: 625-frame blocks. Drift = slope × 3 blocks / mean.

Sheet Linearity & collapse
A1: Couette fit, linear regression and u_θ/Ω collapse
A3: Quantity | B3: Run 1 | C3: Run 2 | D3: Unit
A4: Couette fit R² | B4: 0.99569375 | C4: 0.97883177 | D4: –
A5: Couette fit RMSE | B5: 0.016555404 | C5: 0.073649814 | D5: mm/s
A6: Linear fit R² (u = a + b r) | B6: 0.98130156 | C6: 0.96660442 | D6: –
A7: Linear fit RMSE | B7: 0.034497935 | C7: 0.092506858 | D7: mm/s
A8: Linear slope b | B8: -0.18281488 | C8: -0.36992087 | D8: 1/s
A9: Linear intercept a | B9: 1.9581655 | C9: 4.0368748 | D9: mm/s
A10: Linear RMSE / Couette RMSE | B10: =B7/B5 | C10: =C7/C5 | D10: –
A11: Set Ω | B11: ='Fit summary'!B4 | C11: ='Fit summary'!C4 | D11: rad/s
A12: Fitted ω_eff, own radial shift | B12: 0.15577771 | C12: 0.35041775 | D12: rad/s
A13: Fitted ω_eff, shared radial shift | B13: 0.1512433 | C13: 0.35290357 | D13: rad/s
A14: ω_eff / Ω_set (own shift) | B14: =B12/B11 | C14: =C12/C11 | D14: –
A15: Shared radial shift | B15: -1.4466105 | D15: mm
A16: Collapse rms spread, u/Ω_set | B16: 15.565336 | D16: %
A17: Collapse rms spread, u/ω_eff | B17: 3.239953 | D17: %
A19: Linear check: the gap is 5 mm against R1 = 6 mm (gap/R1 ≈ 0.8), so it is not a narrow gap and the exact profile is curved; a straight line is a worse fit than the Couette form (higher RMSE). Collapse: spread is the rms difference between the two runs' u/Ω on r = 7 to 11 mm divided by mean u/Ω.

Sheet Plot
A1: u_θ(r)/Ω collapse of the two runs
